numero_declaracion,fecha_declaracion,pais_importacion,aduana,importador_nombre,importador_tax_id,exportador_pais,via_transporte,naviera,nombre_nave,numero_bl,puerto_origen,fecha_embarque,fecha_arribo,dias_transito,numero_manifiesto,contenedores,tipo_contenedor,num_contenedores,peso_bruto_kg,volumen_m3,bultos,num_items,items_detalle,valor_fob_usd,flete_usd,seguro_usd,valor_cif_usd,tasa_advalorem_pct,derechos_advalorem,iva,total_tributos,moneda,canal,estado,fecha_liquidacion
IMP-VN-2024-0000001,2024-04-19,VN,HANOI,Masan Group,VN6367509011,FR,MARITIMO,COSCO Shipping,COSCO UNIVERSE,COSC570433529,BARCELONA,2024-03-28,2024-04-18,22,MAN-2024-20502,OOLU7223954|MSKU4040458|MSCU7257827|OOLU8448644,REEFER 20',4,12080.5,64.0,152,5,1:6203.42.00:Pantalones de mezclilla:61:785034.01USD | 2:7208.51.00:Productos planos de hierro:186:520320.12USD | 3:0901.11.00:Café sin tostar:38:285892.24USD | 4:8429.51.00:Cargadores frontales:6:52737.18USD | 5:8703.23.00:Automóviles de turismo:25:126703.75USD,1770687.3,86495.8,14816.3,1871999.4,10.0,187199.94,205919.93,393119.87,USD,VERDE,EN REVISIÓN,2024-04-23
IMP-CL-2022-0000002,2022-09-18,CL,SAN VICENTE,Enap Refinerias S.A.,36036051-6,AR,MARITIMO,CMA CGM,COSCO UNIVERSE,CMA101387774,ANTWERP,2022-08-23,2022-09-16,26,MAN-2022-50702,HLXU6794558|MSCU6960763|YMLU4242649,DRY 40',3,14555.7,57.38,430,3,1:6109.10.00:Camisetas de algodón:82:347806.28USD | 2:3004.90.00:Medicamentos para uso humano:348:3542107.56USD | 3:2204.21.00:Vino tinto en botellas:442:6545803.42USD,10435717.26,660988.78,98101.33,11194807.37,10.0,1119480.74,2339714.74,3459195.48,USD,VERDE,EN REVISIÓN,2022-09-23
IMP-CL-2023-0000003,2023-08-12,CL,SAN VICENTE,Vina Concha y Toro S.A.,49165257-2,BR,MARITIMO,CMA CGM,COSCO UNIVERSE,CMA486374368,SINGAPORE,2023-07-19,2023-08-09,24,MAN-2023-37212,EISU5952173|HLXU2679592|OOLU7684823,HC 40',3,13237.0,59.88,793,1,1:8517.12.00:Teléfonos inteligentes:413:1907828.72USD,1907828.72,112610.64,27876.01,2048315.37,10.0,204831.54,428097.91,632929.45,USD,VERDE,EN REVISIÓN,2023-08-17
IMP-CL-2022-0000004,2022-12-14,CL,ARICA,Enap Refinerias S.A.,9850850-0,BR,MARITIMO,PIL,MSC ISTANBUL,PIL999617225,HAMBURG,2022-11-24,2022-12-11,20,MAN-2022-17537,MSCU6353364|OOLU5387869|TCKU3284258,REEFER 20',3,6814.0,17.25,1002,2,1:0901.11.00:Café sin tostar:8:13854.88USD | 2:1006.30.00:Arroz semiblanqueado:408:3026103.36USD,3039958.24,142232.18,37504.8,3219695.22,15.0,482954.28,703503.41,1186457.69,USD,VERDE,ACEPTADO,2022-12-19
IMP-CL-2022-0000005,2022-12-22,CL,SAN ANTONIO,Minera Collahuasi S.A.,19916401-2,IN,MARITIMO,COSCO Shipping,COSCO UNIVERSE,COSC832422838,BARCELONA,2022-11-12,2022-12-20,40,MAN-2022-22709,EISU1886030|EISU8317158,DRY 40',2,16085.6,52.65,174,5,1:8517.12.00:Teléfonos inteligentes:423:872619.39USD | 2:3002.20.00:Vacunas para medicina humana:280:365892.8USD | 3:3004.90.00:Medicamentos para uso humano:389:2993693.43USD | 4:8544.42.00:Conductores eléctricos:195:488824.05USD | 5:8474.20.00:Maquinaria trituradora:446:5234434.4USD,9955464.07,413926.55,110332.92,10479723.54,15.0,1571958.53,2289819.59,3861778.12,USD,AMARILLO,ACEPTADO,2022-12-24
IMP-CL-2024-0000006,2024-02-04,CL,ARICA,Comercial Atacama S.A.,43758633-6,BR,MARITIMO,HMM,CMA CGM MARCO POLO,HMM662768988,HONG KONG,2024-01-09,2024-02-02,26,MAN-2024-17152,EISU6485392|MSCU7319231|YMLU4802306,DRY 40',3,7148.5,21.89,1171,5,1:8471.30.00:Computadores portátiles:486:1161943.38USD | 2:2204.21.00:Vino tinto en botellas:484:86747.32USD | 3:6109.10.00:Camisetas de algodón:147:1785631.05USD | 4:8544.42.00:Conductores eléctricos:152:662511.76USD | 5:8703.23.00:Automóviles de turismo:253:1623797.01USD,5320630.52,178853.19,45424.46,5544908.17,15.0,831736.23,1211562.44,2043298.67,USD,VERDE,ACEPTADO,2024-02-06
IMP-ES-2023-0000007,2023-01-04,ES,VALENCIA,Iberdrola S.A.,ES27728584R,BR,MARITIMO,MSC,CMA CGM MARCO POLO,MSC349774749,HO CHI MINH,2022-11-27,2023-01-02,38,MAN-2023-85088,OOLU8486753,REEFER 20',1,6231.0,60.56,903,1,1:8544.42.00:Conductores eléctricos:131:361129.01USD,361129.01,24632.6,2343.17,388104.78,18.0,69858.86,96172.36,166031.22,EUR,VERDE,EN REVISIÓN,2023-01-08
IMP-CL-2022-0000008,2022-12-20,CL,SAN ANTONIO,Comercial Atacama S.A.,10132483-6,FR,MARITIMO,COSCO Shipping,MAERSK EDINBURGH,COSC298768283,SINGAPORE,2022-11-06,2022-12-17,44,MAN-2022-98062,OOLU9797517|MSKU5053742|YMLU6436418|EISU9316401,HC 40',4,778.8,39.47,411,3,1:8474.20.00:Maquinaria trituradora:345:4144516.05USD | 2:3004.90.00:Medicamentos para uso humano:470:6138815.7USD | 3:1006.30.00:Arroz semiblanqueado:279:325860.84USD,10609192.59,445853.93,77104.97,11132151.49,18.0,2003787.27,2495828.36,4499615.63,USD,AMARILLO,ACEPTADO,2022-12-22
IMP-ES-2024-0000009,2024-12-23,ES,ALGECIRAS,SEAT S.A.,ES19456792A,TH,MARITIMO,COSCO Shipping,EVER GIVEN,COSC186935226,HO CHI MINH,2024-11-27,2024-12-22,26,MAN-2024-58465,MSCU3951823,REEFER 20',1,12153.1,61.95,1155,4,1:8471.30.00:Computadores portátiles:73:666338.16USD | 2:8544.42.00:Conductores eléctricos:428:5529199.32USD | 3:6203.42.00:Pantalones de mezclilla:10:53889.7USD | 4:8429.51.00:Cargadores frontales:163:2175859.29USD,8425286.47,355950.34,55054.13,8836290.94,0.0,0.0,1855621.1,1855621.1,EUR,ROJO,ACEPTADO,2024-12-24
IMP-ES-2024-0000010,2024-12-23,ES,ALGECIRAS,Telefonica S.A.,ES26367825A,MY,MARITIMO,Maersk Line,PIL SINGAPORE,MAER557219724,BARCELONA,2024-11-28,2024-12-22,25,MAN-2024-52060,HLXU8419973|COSU9757717,REEFER 40',2,27900.2,44.32,1104,1,1:8429.51.00:Cargadores frontales:137:670982.16USD,670982.16,23567.19,9234.74,703784.09,15.0,105567.61,169963.86,275531.47,EUR,ROJO,EN REVISIÓN,2024-12-27
IMP-CL-2022-0000011,2022-05-20,CL,SAN ANTONIO,Codelco Chile,94626126-K,FR,MARITIMO,Evergreen Marine,EVER GIVEN,EVER296663505,NINGBO,2022-04-14,2022-05-18,36,MAN-2022-47596,MSCU3036141,DRY 40',1,19905.7,11.8,388,4,1:3002.20.00:Vacunas para medicina humana:44:459839.6USD | 2:0901.11.00:Café sin tostar:25:211273.0USD | 3:6203.42.00:Pantalones de mezclilla:325:635118.25USD | 4:2204.21.00:Vino tinto en botellas:210:607670.7USD,1913901.55,141934.18,22156.82,2077992.55,15.0,311698.88,454041.37,765740.25,USD,AMARILLO,ACEPTADO,
IMP-CL-2024-0000012,2024-12-14,CL,IQUIQUE,Vina Concha y Toro S.A.,43014419-2,MX,MARITIMO,Hapag-Lloyd,CMA CGM MARCO POLO,HAPA758904728,BUSAN,2024-11-17,2024-12-12,27,MAN-2024-88888,COSU4649149|YMLU8514125|YMLU9390362,REEFER 40',3,2440.7,41.13,306,2,1:7208.51.00:Productos planos de hierro:373:695037.01USD | 2:8703.23.00:Automóviles de turismo:384:3485756.16USD,4180793.17,140022.82,40698.5,4361514.49,6.0,261690.87,878409.02,1140099.89,USD,VERDE,ACEPTADO,2024-12-18
IMP-ES-2022-0000013,2022-06-18,ES,VIGO,Repsol S.A.,ES96054048G,JP,MARITIMO,Hapag-Lloyd,COSCO UNIVERSE,HAPA447502961,SHANGHAI,2022-05-31,2022-06-16,18,MAN-2022-38575,YMLU4215637|MSKU3459526,HC 40',2,11624.2,37.76,917,1,1:6109.10.00:Camisetas de algodón:235:378068.0USD,378068.0,11432.66,5177.12,394677.78,0.0,0.0,82882.33,82882.33,EUR,VERDE,ACEPTADO,2022-06-21
IMP-ES-2023-0000014,2023-12-14,ES,VALENCIA,Navantia S.A.,ES81663509L,GB,MARITIMO,CMA CGM,CMA CGM MARCO POLO,CMA285744440,ANTWERP,2023-11-22,2023-12-13,22,MAN-2023-53110,TCKU9688798|YMLU1344673|MSCU6772038,DRY 20',3,20484.4,24.21,712,3,1:3002.20.00:Vacunas para medicina humana:468:1629037.8USD | 2:1006.30.00:Arroz semiblanqueado:107:1301802.66USD | 3:3004.90.00:Medicamentos para uso humano:322:2528215.2USD,5459055.66,279682.63,53291.57,5792029.86,6.0,347521.79,1289305.85,1636827.64,EUR,VERDE,LIQUIDADO,
IMP-VN-2024-0000015,2024-08-30,VN,HO CHI MINH,Petrovietnam,VN7592962363,KR,MARITIMO,CMA CGM,CMA CGM MARCO POLO,CMA365154644,HONG KONG,2024-07-31,2024-08-28,30,MAN-2024-78633,MSKU5853793|YMLU7842174,REEFER 40',2,4029.3,24.71,796,5,1:1006.30.00:Arroz semiblanqueado:427:5907122.27USD | 2:6109.10.00:Camisetas de algodón:133:210842.24USD | 3:6203.42.00:Pantalones de mezclilla:105:1546324.5USD | 4:2204.21.00:Vino tinto en botellas:181:367042.66USD | 5:3004.90.00:Medicamentos para uso humano:135:1379521.8USD,9410853.47,714782.91,81660.51,10207296.89,6.0,612437.81,1081973.47,1694411.28,USD,VERDE,RECHAZADO,
IMP-CL-2023-0000016,2023-04-13,CL,ARICA,Codelco Chile,91332435-8,US,MARITIMO,Maersk Line,YANG MING WIND,MAER751910435,ROTTERDAM,2023-03-11,2023-04-10,33,MAN-2023-30403,MSKU6956756|TCKU6960581|MSCU2084312|MSCU4625629,REEFER 20',4,5572.5,13.16,1134,1,1:0901.11.00:Café sin tostar:451:2042939.8USD,2042939.8,140911.07,30415.85,2214266.72,6.0,132856.0,445953.32,578809.32,USD,VERDE,LIQUIDADO,
IMP-VN-2023-0000017,2023-09-10,VN,HO CHI MINH,Vinamilk,VN2133624438,IT,MARITIMO,Evergreen Marine,PIL SINGAPORE,EVER613903503,SHENZHEN,2023-08-22,2023-09-07,19,MAN-2023-61007,YMLU6848838|TCKU1535313,REEFER 20',2,20310.1,21.92,631,1,1:3004.90.00:Medicamentos para uso humano:128:1094141.44USD,1094141.44,79240.87,15736.08,1189118.39,10.0,118911.84,130803.02,249714.86,USD,VERDE,LIQUIDADO,2023-09-11
IMP-VN-2023-0000018,2023-04-20,VN,HAI PHONG,Vinamilk,VN9797181679,IN,MARITIMO,Hapag-Lloyd,YANG MING WIND,HAPA695648008,TOKYO,2023-03-28,2023-04-17,23,MAN-2023-87000,TCKU5448297|EISU3783618|MSCU3613238|COSU8795502,DRY 40',4,22378.1,35.36,1034,1,1:8474.20.00:Maquinaria trituradora:271:3502712.94USD,3502712.94,157578.71,28787.64,3689079.29,6.0,221344.76,391042.41,612387.17,USD,VERDE,LIQUIDADO,2023-04-24
IMP-CL-2023-0000019,2023-10-10,CL,SAN VICENTE,Comercial Atacama S.A.,12583663-1,IT,MARITIMO,MSC,CMA CGM MARCO POLO,MSC569984504,BUSAN,2023-09-12,2023-10-09,28,MAN-2023-76276,HLXU7837875|HLXU6723174,DRY 20',2,26792.5,47.41,887,1,1:8517.12.00:Teléfonos inteligentes:115:1680649.1USD,1680649.1,114188.96,21759.96,1816598.02,10.0,181659.8,379668.99,561328.79,USD,VERDE,LIQUIDADO,2023-10-12
IMP-CL-2022-0000020,2022-10-21,CL,SAN VICENTE,Enap Refinerias S.A.,63514887-5,TH,MARITIMO,Yang Ming,MSC ISTANBUL,YANG680889099,BARCELONA,2022-09-18,2022-10-18,33,MAN-2022-10043,COSU2646277|COSU1561379|COSU4233972|MSKU6795617,DRY 20',4,3974.1,53.41,284,3,1:3002.20.00:Vacunas para medicina humana:489:3548863.71USD | 2:4011.10.00:Neumáticos para automóviles:228:1588380.24USD | 3:8474.20.00:Maquinaria trituradora:233:2400501.14USD,7537745.09,409748.0,82597.65,8030090.74,15.0,1204513.61,1754574.83,2959088.44,USD,ROJO,LIQUIDADO,2022-10-24
IMP-CL-2022-0000021,2022-03-30,CL,VALPARAISO,Cencosud S.A.,37734099-4,US,MARITIMO,Evergreen Marine,HAPAG BERLIN,EVER982639288,ROTTERDAM,2022-02-16,2022-03-29,42,MAN-2022-62420,COSU5434967|COSU6913136,HC 40',2,21719.9,59.46,706,1,1:8429.51.00:Cargadores frontales:113:1592538.38USD,1592538.38,126941.79,11360.58,1730840.75,0.0,0.0,328859.74,328859.74,USD,VERDE,LIQUIDADO,2022-04-02
IMP-CL-2024-0000022,2024-10-09,CL,ARICA,Enap Refinerias S.A.,27456905-9,SG,MARITIMO,Evergreen Marine,COSCO UNIVERSE,EVER177375552,BARCELONA,2024-09-21,2024-10-07,18,MAN-2024-20690,EISU1059271|TCKU7252377|EISU7130119|EISU5522872,DRY 40',4,3565.0,30.27,667,1,1:8703.23.00:Automóviles de turismo:275:2496098.0USD,2496098.0,116314.74,36965.71,2649378.45,0.0,0.0,503381.91,503381.91,USD,ROJO,EN REVISIÓN,
IMP-CL-2023-0000023,2023-05-30,CL,SAN ANTONIO,Cencosud S.A.,67989696-2,NL,MARITIMO,Maersk Line,COSCO UNIVERSE,MAER356767576,SHANGHAI,2023-04-17,2023-05-27,43,MAN-2023-42555,MSCU3604554,HC 40',1,12368.9,12.35,181,4,1:8474.20.00:Maquinaria trituradora:446:2285295.08USD | 2:4011.10.00:Neumáticos para automóviles:98:554865.22USD | 3:3004.90.00:Medicamentos para uso humano:255:2812713.75USD | 4:8471.30.00:Computadores portátiles:92:234631.28USD,5887505.33,385677.07,75601.35,6348783.75,18.0,1142781.07,1423397.32,2566178.39,USD,AMARILLO,ACEPTADO,2023-06-01
IMP-CL-2024-0000024,2024-09-29,CL,IQUIQUE,Cencosud S.A.,67689942-3,AR,MARITIMO,Maersk Line,EVER GIVEN,MAER392113008,HONG KONG,2024-08-30,2024-09-27,30,MAN-2024-11935,COSU4803697|YMLU9700344,DRY 20',2,2894.7,6.02,189,2,1:2204.21.00:Vino tinto en botellas:448:5220037.76USD | 2:4011.10.00:Neumáticos para automóviles:110:1534101.8USD,6754139.56,477908.1,64410.56,7296458.22,10.0,729645.82,1524959.77,2254605.59,USD,VERDE,ACEPTADO,
IMP-ES-2024-0000025,2024-01-31,ES,ALGECIRAS,SEAT S.A.,ES92171719Q,TH,MARITIMO,Maersk Line,HMM ALGECIRAS,MAER899998374,ROTTERDAM,2023-12-20,2024-01-29,42,MAN-2024-26226,TCKU6217462|YMLU1716552|HLXU4364183,DRY 20',3,4994.5,57.22,384,2,1:0901.11.00:Café sin tostar:307:218930.91USD | 2:6109.10.00:Camisetas de algodón:93:654977.61USD,873908.52,48614.55,7171.68,929694.75,0.0,0.0,195235.9,195235.9,EUR,VERDE,ACEPTADO,2024-02-01
IMP-CL-2023-0000026,2023-06-27,CL,SAN VICENTE,Importadora del Pacifico Ltda.,23139771-1,FR,MARITIMO,Yang Ming,EVER GIVEN,YANG957952152,SHANGHAI,2023-06-07,2023-06-26,20,MAN-2023-46967,YMLU9707722|COSU3179514|COSU6775911,REEFER 20',3,5609.1,28.48,117,2,1:4011.10.00:Neumáticos para automóviles:394:5491378.94USD | 2:1006.30.00:Arroz semiblanqueado:10:101576.1USD,5592955.04,291024.08,61984.7,5945963.82,15.0,891894.57,1299193.09,2191087.66,USD,VERDE,ACEPTADO,2023-06-30
IMP-ES-2022-0000027,2022-09-29,ES,ALGECIRAS,Telefonica S.A.,ES71643033J,IN,MARITIMO,CMA CGM,EVER GIVEN,CMA908886133,NINGBO,2022-09-07,2022-09-26,22,MAN-2022-91503,COSU5667778|YMLU8706646,REEFER 40',2,7984.6,10.86,806,4,1:6203.42.00:Pantalones de mezclilla:176:984686.56USD | 2:2204.21.00:Vino tinto en botellas:125:394251.25USD | 3:0901.11.00:Café sin tostar:143:597449.71USD | 4:8474.20.00:Maquinaria trituradora:313:2382543.48USD,4358931.0,152915.66,56947.64,4568794.3,18.0,822382.97,1132147.23,1954530.2,EUR,AMARILLO,LIQUIDADO,2022-10-04
IMP-ES-2023-0000028,2023-02-03,ES,ALGECIRAS,Telefonica S.A.,ES40709967R,FR,MARITIMO,CMA CGM,EVER GIVEN,CMA334544934,HONG KONG,2023-01-12,2023-02-02,22,MAN-2023-97697,HLXU6783976|EISU2724824|MSCU3002325,REEFER 20',3,23568.5,64.43,126,5,1:8517.12.00:Teléfonos inteligentes:157:1566395.28USD | 2:0901.11.00:Café sin tostar:483:6660613.47USD | 3:8544.42.00:Conductores eléctricos:398:3489381.42USD | 4:2204.21.00:Vino tinto en botellas:267:2972126.52USD | 5:6109.10.00:Camisetas de algodón:2:18379.32USD,14706896.01,775798.92,200159.14,15682854.07,15.0,2352428.11,3787409.26,6139837.37,EUR,VERDE,LIQUIDADO,
IMP-ES-2024-0000029,2024-12-27,ES,VALENCIA,Acerinox S.A.,ES60167272N,US,MARITIMO,CMA CGM,ONE STORK,CMA329559728,HAMBURG,2024-11-26,2024-12-24,31,MAN-2024-78135,HLXU6540303|OOLU6472038|TCKU8526169|TCKU4870126,REEFER 40',4,1090.6,49.07,884,5,1:8474.20.00:Maquinaria trituradora:415:665668.3USD | 2:8429.51.00:Cargadores frontales:456:472794.48USD | 3:2204.21.00:Vino tinto en botellas:170:2001784.0USD | 4:6109.10.00:Camisetas de algodón:74:258135.68USD | 5:8703.23.00:Automóviles de turismo:259:3607932.16USD,7006314.62,234376.7,52335.87,7293027.19,6.0,437581.63,1623427.85,2061009.48,EUR,VERDE,LIQUIDADO,2024-12-31
IMP-CL-2024-0000030,2024-04-20,CL,SAN VICENTE,Cencosud S.A.,77033942-5,MX,MARITIMO,CMA CGM,MSC ISTANBUL,CMA607422555,SINGAPORE,2024-03-18,2024-04-19,33,MAN-2024-70271,MSKU9040478|MSCU4320593|OOLU7775489,HC 40',3,17666.6,30.4,332,2,1:8429.51.00:Cargadores frontales:128:1023567.36USD | 2:8517.12.00:Teléfonos inteligentes:199:513282.69USD,1536850.05,95953.37,12496.37,1645299.79,18.0,296153.96,368876.21,665030.17,USD,ROJO,ACEPTADO,2024-04-25
IMP-CL-2022-0000031,2022-04-01,CL,SAN VICENTE,Importadora del Pacifico Ltda.,71923122-8,NL,MARITIMO,COSCO Shipping,PIL SINGAPORE,COSC225925001,HAMBURG,2022-02-26,2022-03-29,34,MAN-2022-75546,MSCU4241420|YMLU9042745|OOLU1568871,DRY 20',3,12925.5,51.29,307,3,1:1006.30.00:Arroz semiblanqueado:238:131364.1USD | 2:4011.10.00:Neumáticos para automóviles:414:4585319.1USD | 3:8703.23.00:Automóviles de turismo:242:677626.62USD,5394309.82,394049.12,76635.71,5864994.65,10.0,586499.47,1225783.88,1812283.35,USD,VERDE,LIQUIDADO,2022-04-03
IMP-CL-2022-0000032,2022-10-07,CL,IQUIQUE,Comercial Atacama S.A.,5004709-2,TH,MARITIMO,CMA CGM,HAPAG BERLIN,CMA940272877,BARCELONA,2022-08-30,2022-10-06,38,MAN-2022-59699,MSKU9659975|COSU1884158|EISU4804599,HC 40',3,24426.5,54.9,147,1,1:8703.23.00:Automóviles de turismo:143:745855.11USD,745855.11,52518.1,6580.92,804954.13,15.0,120743.12,175882.48,296625.6,USD,VERDE,LIQUIDADO,2022-10-09
IMP-ES-2022-0000033,2022-03-20,ES,BARCELONA,Telefonica S.A.,ES38608851R,GB,MARITIMO,MSC,HAPAG BERLIN,MSC789747441,HO CHI MINH,2022-02-13,2022-03-18,35,MAN-2022-81078,MSKU8757612|HLXU3600641|TCKU7061614,REEFER 40',3,7908.4,69.96,1003,4,1:8471.30.00:Computadores portátiles:455:1761819.15USD | 2:6203.42.00:Pantalones de mezclilla:372:438096.96USD | 3:3002.20.00:Vacunas para medicina humana:337:275719.92USD | 4:8703.23.00:Automóviles de turismo:50:399205.0USD,2874841.03,174584.33,26937.9,3076363.26,0.0,0.0,646036.28,646036.28,EUR,AMARILLO,ACEPTADO,
IMP-CL-2022-0000034,2022-03-23,CL,SAN VICENTE,Falabella Retail S.A.,45845601-1,NL,MARITIMO,Hapag-Lloyd,EVER GIVEN,HAPA719918385,ROTTERDAM,2022-03-03,2022-03-22,20,MAN-2022-33806,COSU3058353|MSCU1798102|EISU7610093,DRY 40',3,20099.7,66.97,439,3,1:1006.30.00:Arroz semiblanqueado:112:1492486.24USD | 2:0901.11.00:Café sin tostar:327:3656769.06USD | 3:8544.42.00:Conductores eléctricos:197:2079370.46USD,7228625.76,280422.02,72177.7,7581225.48,6.0,454873.53,1526858.81,1981732.34,USD,VERDE,ACEPTADO,2022-03-26
IMP-CL-2024-0000035,2024-06-01,CL,VALPARAISO,Comercial Atacama S.A.,93957460-6,MX,MARITIMO,MSC,PIL SINGAPORE,MSC474953472,HAMBURG,2024-04-30,2024-05-30,32,MAN-2024-86155,MSCU2376345,REEFER 20',1,3943.3,31.16,927,3,1:8429.51.00:Cargadores frontales:399:2517606.21USD | 2:1006.30.00:Arroz semiblanqueado:380:4793544.2USD | 3:8544.42.00:Conductores eléctricos:141:1899815.67USD,9210966.08,384001.7,122309.86,9717277.64,6.0,583036.66,1957059.72,2540096.38,USD,VERDE,ACEPTADO,2024-06-04
IMP-CL-2024-0000036,2024-12-01,CL,ARICA,Enap Refinerias S.A.,95347102-9,IN,MARITIMO,Maersk Line,COSCO UNIVERSE,MAER289104129,HONG KONG,2024-11-06,2024-11-28,25,MAN-2024-22647,HLXU5364699|TCKU5828388|MSKU5991370,REEFER 20',3,16836.8,20.05,66,4,1:3002.20.00:Vacunas para medicina humana:191:619521.87USD | 2:3004.90.00:Medicamentos para uso humano:374:5189908.24USD | 3:1006.30.00:Arroz semiblanqueado:215:2798857.1USD | 4:8474.20.00:Maquinaria trituradora:490:1946691.6USD,10554978.81,592046.22,84495.27,11231520.3,6.0,673891.22,2262028.19,2935919.41,USD,VERDE,LIQUIDADO,2024-12-06
IMP-CL-2022-0000037,2022-03-12,CL,SAN ANTONIO,Codelco Chile,51283906-2,NL,MARITIMO,HMM,HMM ALGECIRAS,HMM384927693,SHENZHEN,2022-02-19,2022-03-11,21,MAN-2022-18489,HLXU4224735|MSCU3443239,DRY 40',2,15100.8,46.33,840,3,1:0901.11.00:Café sin tostar:304:1403613.6USD | 2:1006.30.00:Arroz semiblanqueado:352:1370635.2USD | 3:8429.51.00:Cargadores frontales:170:1483666.5USD,4257915.3,211498.31,25444.65,4494858.26,10.0,449485.83,939425.38,1388911.21,USD,ROJO,EN REVISIÓN,2022-03-15
IMP-CL-2024-0000038,2024-02-26,CL,IQUIQUE,Vina Concha y Toro S.A.,51749717-1,IN,MARITIMO,CMA CGM,ONE STORK,CMA444379007,HAMBURG,2024-01-31,2024-02-23,26,MAN-2024-89885,EISU3327353,REEFER 20',1,5676.5,36.38,251,1,1:2204.21.00:Vino tinto en botellas:207:2000938.59USD,2000938.59,93607.98,10036.7,2104583.27,15.0,315687.49,459851.44,775538.93,USD,AMARILLO,LIQUIDADO,2024-03-01
IMP-CL-2022-0000039,2022-12-13,CL,IQUIQUE,Comercial Atacama S.A.,70003981-0,US,MARITIMO,COSCO Shipping,CMA CGM MARCO POLO,COSC523463188,NINGBO,2022-10-31,2022-12-11,43,MAN-2022-14206,OOLU8588028,REEFER 20',1,16285.3,25.98,473,5,1:6109.10.00:Camisetas de algodón:22:260.92USD | 2:8517.12.00:Teléfonos inteligentes:35:304473.4USD | 3:8471.30.00:Computadores portátiles:27:172422.54USD | 4:2204.21.00:Vino tinto en botellas:424:1971553.36USD | 5:8703.23.00:Automóviles de turismo:168:1659166.32USD,4107876.54,148601.56,46526.74,4303004.84,10.0,430300.48,899328.01,1329628.49,USD,VERDE,LIQUIDADO,2022-12-18
IMP-CL-2024-0000040,2024-11-22,CL,VALPARAISO,Minera Collahuasi S.A.,66265255-1,BR,MARITIMO,PIL,HMM ALGECIRAS,PIL900405988,SHENZHEN,2024-10-27,2024-11-19,26,MAN-2024-70247,COSU8964737,REEFER 20',1,5715.7,53.65,677,1,1:8471.30.00:Computadores portátiles:172:2499851.44USD,2499851.44,92263.23,28404.89,2620519.56,18.0,471693.52,587520.49,1059214.01,USD,VERDE,ACEPTADO,2024-11-26
IMP-CL-2022-0000041,2022-04-28,CL,VALPARAISO,Enap Refinerias S.A.,45656837-5,IN,MARITIMO,HMM,CMA CGM MARCO POLO,HMM523757871,HONG KONG,2022-03-16,2022-04-25,43,MAN-2022-34759,HLXU4318291|YMLU9131581|MSCU3161891,DRY 20',3,4174.0,33.24,854,5,1:3002.20.00:Vacunas para medicina humana:326:2921566.36USD | 2:8517.12.00:Teléfonos inteligentes:6:83413.98USD | 3:1006.30.00:Arroz semiblanqueado:79:444555.91USD | 4:2204.21.00:Vino tinto en botellas:147:383553.87USD | 5:6203.42.00:Pantalones de mezclilla:192:205205.76USD,4038295.88,148514.96,46717.66,4233528.5,18.0,762035.13,949157.09,1711192.22,USD,VERDE,LIQUIDADO,2022-05-02
IMP-VN-2022-0000042,2022-08-12,VN,HO CHI MINH,Vinamilk,VN2960720896,US,MARITIMO,Evergreen Marine,MSC ISTANBUL,EVER929779222,TOKYO,2022-07-16,2022-08-11,27,MAN-2022-34037,HLXU1684740|MSKU4060908|MSCU9513843,REEFER 20',3,3091.6,67.69,394,2,1:2204.21.00:Vino tinto en botellas:310:2838418.9USD | 2:6109.10.00:Camisetas de algodón:474:3611581.38USD,6450000.28,500253.49,33475.4,6983729.17,15.0,1047559.38,803128.85,1850688.23,USD,VERDE,ACEPTADO,2022-08-17
IMP-VN-2023-0000043,2023-05-03,VN,DA NANG,Sabeco,VN1473871856,MY,MARITIMO,COSCO Shipping,MAERSK EDINBURGH,COSC175484764,HONG KONG,2023-03-24,2023-05-02,40,MAN-2023-36990,YMLU1363238|HLXU7675813,REEFER 40',2,10729.9,34.56,188,2,1:7208.51.00:Productos planos de hierro:353:1507610.05USD | 2:8471.30.00:Computadores portátiles:346:4056050.74USD,5563660.79,410729.26,76297.63,6050687.68,0.0,0.0,605068.77,605068.77,USD,AMARILLO,ACEPTADO,
IMP-CL-2024-0000044,2024-07-04,CL,ARICA,Falabella Retail S.A.,69485062-9,SG,MARITIMO,Maersk Line,MSC ISTANBUL,MAER713063333,ROTTERDAM,2024-06-06,2024-07-03,28,MAN-2024-49554,MSCU6765705|MSKU3581438|HLXU5024339,HC 40',3,21537.4,8.47,213,4,1:4011.10.00:Neumáticos para automóviles:197:329819.37USD | 2:8429.51.00:Cargadores frontales:432:3470683.68USD | 3:0901.11.00:Café sin tostar:68:75747.92USD | 4:6109.10.00:Camisetas de algodón:376:3778679.68USD,7654930.65,283570.52,91999.63,8030500.8,15.0,1204575.12,1754664.42,2959239.54,USD,VERDE,ACEPTADO,2024-07-09
IMP-CL-2023-0000045,2023-10-10,CL,SAN VICENTE,Enap Refinerias S.A.,97232431-7,BR,MARITIMO,MSC,HAPAG BERLIN,MSC874536578,SHANGHAI,2023-09-22,2023-10-07,18,MAN-2023-29462,OOLU7566592|TCKU4331866|OOLU9080875,DRY 20',3,25805.6,53.54,673,4,1:4011.10.00:Neumáticos para automóviles:423:5405969.61USD | 2:6109.10.00:Camisetas de algodón:192:2035282.56USD | 3:8471.30.00:Computadores portátiles:390:2513943.9USD | 4:8703.23.00:Automóviles de turismo:108:430072.2USD,10385268.27,483665.91,71239.7,10940173.88,6.0,656410.43,2203351.02,2859761.45,USD,AMARILLO,LIQUIDADO,2023-10-13
IMP-ES-2023-0000046,2023-12-22,ES,BARCELONA,Repsol S.A.,ES16651458M,JP,MARITIMO,HMM,MSC ISTANBUL,HMM367998619,SHANGHAI,2023-11-26,2023-12-21,26,MAN-2023-73039,COSU2968962|COSU6025322|HLXU7631531,DRY 20',3,14713.8,43.28,585,1,1:4011.10.00:Neumáticos para automóviles:135:1811029.05USD,1811029.05,144800.06,13916.41,1969745.52,15.0,295461.83,475693.54,771155.37,EUR,VERDE,LIQUIDADO,
IMP-CL-2023-0000047,2023-10-08,CL,IQUIQUE,Minera Collahuasi S.A.,16144059-5,CN,MARITIMO,Maersk Line,HMM ALGECIRAS,MAER674983318,SHENZHEN,2023-08-25,2023-10-05,44,MAN-2023-54874,HLXU9420676,REEFER 20',1,1195.4,10.46,205,2,1:8544.42.00:Conductores eléctricos:436:1424926.48USD | 2:3002.20.00:Vacunas para medicina humana:353:915088.96USD,2340015.44,155240.93,13948.81,2509205.18,10.0,250920.52,524423.88,775344.4,USD,AMARILLO,ACEPTADO,2023-10-12
IMP-ES-2023-0000048,2023-03-29,ES,VALENCIA,Iberdrola S.A.,ES79172600M,BR,MARITIMO,ONE,ONE STORK,ONE883226159,ANTWERP,2023-02-13,2023-03-27,44,MAN-2023-59099,COSU9491550|MSCU3022267|EISU4434897|HLXU6793098,REEFER 40',4,10590.8,24.49,1196,2,1:8474.20.00:Maquinaria trituradora:456:77451.6USD | 2:1006.30.00:Arroz semiblanqueado:267:905271.51USD,982723.11,38147.4,11822.33,1032692.84,18.0,185884.71,255901.29,441786.0,EUR,VERDE,EN REVISIÓN,2023-03-30
IMP-CL-2023-0000049,2023-12-07,CL,SAN ANTONIO,Vina Concha y Toro S.A.,6158885-2,GB,MARITIMO,Hapag-Lloyd,ONE STORK,HAPA534820204,HONG KONG,2023-11-12,2023-12-04,25,MAN-2023-43645,YMLU8232442|MSCU9222563,HC 40',2,26594.8,17.63,307,5,1:1006.30.00:Arroz semiblanqueado:443:5458012.51USD | 2:8517.12.00:Teléfonos inteligentes:148:1121835.56USD | 3:3004.90.00:Medicamentos para uso humano:171:733104.36USD | 4:8429.51.00:Cargadores frontales:434:1688351.14USD | 5:6109.10.00:Camisetas de algodón:225:1845816.75USD,10847120.32,692478.97,81923.86,11621523.15,6.0,697291.39,2340574.76,3037866.15,USD,ROJO,LIQUIDADO,2023-12-11
IMP-ES-2024-0000050,2024-08-15,ES,VIGO,SEAT S.A.,ES97471374G,TH,MARITIMO,Evergreen Marine,COSCO UNIVERSE,EVER364348638,LOS ANGELES,2024-07-09,2024-08-12,37,MAN-2024-55480,COSU9796719|COSU2994366|TCKU5549874|MSKU3424248,HC 40',4,12683.2,42.14,1075,2,1:0901.11.00:Café sin tostar:60:723910.2USD | 2:4011.10.00:Neumáticos para automóviles:286:1905575.1USD,2629485.3,92990.97,14751.28,2737227.55,15.0,410584.13,661040.45,1071624.58,EUR,VERDE,ACEPTADO,2024-08-19
IMP-CL-2023-0000051,2023-08-11,CL,IQUIQUE,Importadora del Pacifico Ltda.,71375953-1,TH,MARITIMO,MSC,CMA CGM MARCO POLO,MSC491227477,HONG KONG,2023-07-20,2023-08-10,22,MAN-2023-36225,OOLU7754399,DRY 20',1,4514.6,53.96,1172,4,1:6203.42.00:Pantalones de mezclilla:162:483390.18USD | 2:8429.51.00:Cargadores frontales:151:403198.69USD | 3:8471.30.00:Computadores portátiles:254:2259037.9USD | 4:8703.23.00:Automóviles de turismo:91:1229741.24USD,4375368.01,240318.35,29876.02,4645562.38,6.0,278733.74,935616.26,1214350.0,USD,AMARILLO,ACEPTADO,2023-08-14
IMP-CL-2024-0000052,2024-08-28,CL,IQUIQUE,Codelco Chile,66614363-6,AR,MARITIMO,ONE,MAERSK EDINBURGH,ONE605725874,SHENZHEN,2024-07-21,2024-08-25,38,MAN-2024-28550,MSKU7749690|MSKU3694477,DRY 40',2,3698.3,43.64,273,2,1:8703.23.00:Automóviles de turismo:455:5125989.05USD | 2:8429.51.00:Cargadores frontales:271:1963790.66USD,7089779.71,535274.7,37961.49,7663015.9,6.0,459780.95,1543331.4,2003112.35,USD,VERDE,LIQUIDADO,2024-08-31
IMP-CL-2024-0000053,2024-09-17,CL,VALPARAISO,Comercial Atacama S.A.,71315477-3,AR,MARITIMO,PIL,ONE STORK,PIL541630721,LOS ANGELES,2024-08-13,2024-09-15,35,MAN-2024-68519,MSKU3519869|HLXU9249579|YMLU9790389|YMLU5055189,DRY 20',4,2237.2,11.85,921,3,1:0901.11.00:Café sin tostar:255:2496286.8USD | 2:8474.20.00:Maquinaria trituradora:77:660786.28USD | 3:3004.90.00:Medicamentos para uso humano:444:5270462.04USD,8427535.12,491753.67,106198.26,9025487.05,0.0,0.0,1714842.54,1714842.54,USD,VERDE,LIQUIDADO,2024-09-21
IMP-CL-2023-0000054,2023-11-14,CL,IQUIQUE,Vina Concha y Toro S.A.,20644395-K,IN,MARITIMO,Evergreen Marine,HAPAG BERLIN,EVER780581628,BUSAN,2023-10-15,2023-11-11,30,MAN-2023-79762,TCKU4413630|MSCU2202207|HLXU8019482|MSKU6519596,HC 40',4,10331.3,39.4,422,3,1:3004.90.00:Medicamentos para uso humano:227:1064879.7USD | 2:2204.21.00:Vino tinto en botellas:21:19277.16USD | 3:6109.10.00:Camisetas de algodón:461:3879951.18USD,4964108.04,319161.96,53266.58,5336536.58,0.0,0.0,1013941.95,1013941.95,USD,VERDE,LIQUIDADO,2023-11-17
IMP-CL-2022-0000055,2022-05-28,CL,SAN ANTONIO,Cencosud S.A.,95595528-5,KR,MARITIMO,COSCO Shipping,MAERSK EDINBURGH,COSC865497552,HONG KONG,2022-04-18,2022-05-25,40,MAN-2022-82891,MSKU4903323|MSKU2149188|OOLU7027873|HLXU6950225,DRY 20',4,20480.7,51.69,427,2,1:4011.10.00:Neumáticos para automóviles:93:1200540.72USD | 2:3004.90.00:Medicamentos para uso humano:11:67754.28USD,1268295.0,77928.71,7346.07,1353569.78,10.0,135356.98,282896.08,418253.06,USD,AMARILLO,LIQUIDADO,
IMP-VN-2023-0000056,2023-09-30,VN,HAI PHONG,Vingroup JSC,VN9482202660,CN,MARITIMO,PIL,PIL SINGAPORE,PIL530678621,TOKYO,2023-09-05,2023-09-28,25,MAN-2023-15238,MSKU4087839,REEFER 40',1,19345.2,16.32,482,1,1:8429.51.00:Cargadores frontales:59:577899.1USD,577899.1,25245.85,3422.4,606567.35,6.0,36394.04,64296.14,100690.18,USD,VERDE,LIQUIDADO,2023-10-05
IMP-ES-2022-0000057,2022-05-19,ES,VALENCIA,Iberdrola S.A.,ES80444089N,FR,MARITIMO,PIL,HAPAG BERLIN,PIL231306050,TOKYO,2022-04-17,2022-05-17,32,MAN-2022-16465,YMLU3927123,DRY 40',1,13234.1,41.32,910,4,1:8429.51.00:Cargadores frontales:425:1286946.75USD | 2:6203.42.00:Pantalones de mezclilla:407:4162828.56USD | 3:7208.51.00:Productos planos de hierro:233:624547.18USD | 4:3004.90.00:Medicamentos para uso humano:244:3398163.6USD,9472486.09,665653.33,112354.2,10250493.62,18.0,1845088.85,2540072.32,4385161.17,EUR,AMARILLO,ACEPTADO,
IMP-ES-2022-0000058,2022-11-24,ES,VIGO,Repsol S.A.,ES45403638P,KR,MARITIMO,PIL,COSCO UNIVERSE,PIL621809065,LOS ANGELES,2022-10-29,2022-11-21,26,MAN-2022-34665,COSU4960243|YMLU1710365,DRY 20',2,21569.5,33.67,809,4,1:7208.51.00:Productos planos de hierro:146:1368290.1USD | 2:8544.42.00:Conductores eléctricos:74:22693.58USD | 3:2204.21.00:Vino tinto en botellas:326:3500610.82USD | 4:8517.12.00:Teléfonos inteligentes:303:3495532.23USD,8387126.73,574373.03,54438.33,9015938.09,10.0,901593.81,2082681.7,2984275.51,EUR,VERDE,ACEPTADO,2022-11-26
IMP-CL-2023-0000059,2023-05-13,CL,SAN ANTONIO,Cencosud S.A.,72477757-K,NL,MARITIMO,MSC,PIL SINGAPORE,MSC869427458,HO CHI MINH,2023-04-05,2023-05-11,38,MAN-2023-48584,MSCU2806678|EISU2674983|MSKU9634689|YMLU8004880,HC 40',4,2346.0,31.04,1088,5,1:2204.21.00:Vino tinto en botellas:276:807374.52USD | 2:8474.20.00:Maquinaria trituradora:492:428640.24USD | 3:8429.51.00:Cargadores frontales:498:1443622.32USD | 4:6109.10.00:Camisetas de algodón:402:3305199.78USD | 5:0901.11.00:Café sin tostar:454:4328622.14USD,10313459.0,397954.38,147657.37,10859070.75,15.0,1628860.61,2372706.96,4001567.57,USD,VERDE,EN REVISIÓN,2023-05-18
IMP-CL-2024-0000060,2024-02-05,CL,SAN VICENTE,Codelco Chile,36842732-1,CN,MARITIMO,ONE,COSCO UNIVERSE,ONE960238040,ANTWERP,2024-01-16,2024-02-04,20,MAN-2024-94828,TCKU1150424|EISU6228331|COSU8041603|MSCU1297198,REEFER 40',4,7818.7,65.06,550,1,1:4011.10.00:Neumáticos para automóviles:277:3006967.96USD,3006967.96,91348.78,38630.44,3136947.18,15.0,470542.08,685422.96,1155965.04,USD,VERDE,ACEPTADO,2024-02-07
IMP-ES-2024-0000061,2024-11-11,ES,VALENCIA,Navantia S.A.,ES49351515K,SG,MARITIMO,COSCO Shipping,HAPAG BERLIN,COSC960411919,BARCELONA,2024-10-05,2024-11-09,37,MAN-2024-78490,YMLU1694873|MSKU5247795|HLXU3657257|TCKU6912174,HC 40',4,24983.5,6.36,923,5,1:2204.21.00:Vino tinto en botellas:2:21959.32USD | 2:0901.11.00:Café sin tostar:480:1426017.6USD | 3:4011.10.00:Neumáticos para automóviles:204:344819.16USD | 4:6203.42.00:Pantalones de mezclilla:355:2842275.55USD | 5:1006.30.00:Arroz semiblanqueado:23:246068.03USD,4881139.66,321054.97,35817.19,5238011.82,18.0,942842.13,1297979.33,2240821.46,EUR,VERDE,ACEPTADO,2024-11-13
IMP-CL-2024-0000062,2024-02-28,CL,VALPARAISO,Enap Refinerias S.A.,70479928-6,KR,MARITIMO,PIL,ONE STORK,PIL642520601,HAMBURG,2024-02-02,2024-02-25,26,MAN-2024-72611,MSKU1316971|MSKU5171126|HLXU1969613,DRY 40',3,4748.1,67.95,11,3,1:8471.30.00:Computadores portátiles:306:1897386.66USD | 2:3002.20.00:Vacunas para medicina humana:164:1063072.6USD | 3:6109.10.00:Camisetas de algodón:150:1655697.0USD,4616156.26,273038.69,35714.29,4924909.24,18.0,886483.66,1104164.65,1990648.31,USD,VERDE,LIQUIDADO,2024-03-03
IMP-CL-2023-0000063,2023-01-01,CL,SAN ANTONIO,Codelco Chile,98010109-7,NL,MARITIMO,PIL,PIL SINGAPORE,PIL555510103,BUSAN,2022-11-25,2022-12-29,37,MAN-2023-22017,YMLU8096401|MSCU1206629|MSCU6360927,REEFER 40',3,2530.9,49.37,886,1,1:8544.42.00:Conductores eléctricos:312:946885.68USD,946885.68,67991.87,12014.5,1026892.05,15.0,154033.81,224375.91,378409.72,USD,AMARILLO,RECHAZADO,2023-01-05
IMP-CL-2023-0000064,2023-07-05,CL,IQUIQUE,Importadora del Pacifico Ltda.,31734605-8,FR,MARITIMO,HMM,ONE STORK,HMM722347468,TOKYO,2023-05-23,2023-07-04,43,MAN-2023-12443,OOLU7719419|COSU3580680,REEFER 20',2,13370.4,33.61,436,1,1:6203.42.00:Pantalones de mezclilla:400:4331352.0USD,4331352.0,248309.79,29756.79,4609418.58,6.0,276565.11,928336.9,1204902.01,USD,VERDE,RECHAZADO,2023-07-07
IMP-CL-2023-0000065,2023-05-07,CL,ARICA,Falabella Retail S.A.,49820109-K,IT,MARITIMO,CMA CGM,HMM ALGECIRAS,CMA626325850,SHENZHEN,2023-04-02,2023-05-05,35,MAN-2023-60179,MSKU9589440,HC 40',1,752.3,38.13,330,4,1:3002.20.00:Vacunas para medicina humana:105:271578.3USD | 2:2204.21.00:Vino tinto en botellas:81:127694.07USD | 3:1006.30.00:Arroz semiblanqueado:121:1737616.87USD | 4:8703.23.00:Automóviles de turismo:176:1595645.92USD,3732535.16,219678.53,30385.64,3982599.33,18.0,716867.88,892898.77,1609766.65,USD,VERDE,RECHAZADO,2023-05-10
IMP-VN-2024-0000066,2024-11-10,VN,HO CHI MINH,Vietnam Airlines,VN1568242822,NL,MARITIMO,Evergreen Marine,EVER GIVEN,EVER975449168,NINGBO,2024-10-09,2024-11-09,32,MAN-2024-32119,HLXU5880353,REEFER 40',1,25621.2,36.41,542,3,1:3002.20.00:Vacunas para medicina humana:228:1171580.28USD | 2:8703.23.00:Automóviles de turismo:274:3451156.04USD | 3:8474.20.00:Maquinaria trituradora:197:2432506.75USD,7055243.07,484180.83,89787.99,7629211.89,18.0,1373258.14,900247.0,2273505.14,USD,VERDE,LIQUIDADO,2024-11-15
IMP-CL-2024-0000067,2024-02-10,CL,SAN ANTONIO,Minera Collahuasi S.A.,83985247-0,US,MARITIMO,ONE,HMM ALGECIRAS,ONE848294565,HO CHI MINH,2024-01-11,2024-02-07,30,MAN-2024-63788,MSCU1979694,REEFER 40',1,22839.9,33.49,739,3,1:3002.20.00:Vacunas para medicina humana:280:3475934.0USD | 2:6203.42.00:Pantalones de mezclilla:370:1211428.1USD | 3:6109.10.00:Camisetas de algodón:347:332929.15USD,5020291.25,311965.79,43502.77,5375759.81,15.0,806363.97,1174603.52,1980967.49,USD,VERDE,ACEPTADO,2024-02-14
IMP-ES-2024-0000068,2024-01-24,ES,VIGO,SEAT S.A.,ES69320257G,IT,MARITIMO,Maersk Line,PIL SINGAPORE,MAER470538895,HAMBURG,2023-12-27,2024-01-22,28,MAN-2024-38699,EISU1813259|MSKU4843752|HLXU4786584,REEFER 40',3,27320.2,31.25,1080,2,1:3004.90.00:Medicamentos para uso humano:228:386118.0USD | 2:4011.10.00:Neumáticos para automóviles:310:239258.0USD,625376.0,43775.91,5869.69,675021.6,6.0,40501.3,150259.81,190761.11,EUR,VERDE,LIQUIDADO,2024-01-28
IMP-VN-2023-0000069,2023-12-14,VN,DA NANG,Vinamilk,VN4643972669,MY,MARITIMO,ONE,YANG MING WIND,ONE899018292,HAMBURG,2023-11-25,2023-12-12,19,MAN-2023-13907,MSCU1629565|MSKU4359275|HLXU8259777|OOLU9698201,DRY 40',4,14950.9,26.51,113,2,1:7208.51.00:Productos planos de hierro:153:1665510.57USD | 2:3004.90.00:Medicamentos para uso humano:119:1515986.22USD,3181496.79,180574.72,38760.03,3400831.54,6.0,204049.89,360488.14,564538.03,USD,AMARILLO,ACEPTADO,2023-12-15
IMP-VN-2024-0000070,2024-03-03,VN,HANOI,Vietnam Airlines,VN1496524771,MX,MARITIMO,MSC,COSCO UNIVERSE,MSC119275412,TOKYO,2024-02-02,2024-03-02,30,MAN-2024-50917,COSU7167021|YMLU9411305,REEFER 20',2,14490.9,20.55,638,2,1:8544.42.00:Conductores eléctricos:133:1683498.04USD | 2:2204.21.00:Vino tinto en botellas:31:392985.45USD,2076483.49,139149.75,31102.23,2246735.47,0.0,0.0,224673.55,224673.55,USD,VERDE,LIQUIDADO,2024-03-04
IMP-CL-2022-0000071,2022-04-29,CL,VALPARAISO,Falabella Retail S.A.,84685111-4,IN,MARITIMO,ONE,HAPAG BERLIN,ONE400974110,BUSAN,2022-04-03,2022-04-28,26,MAN-2022-75473,COSU8894342,DRY 20',1,3416.5,56.82,383,3,1:6203.42.00:Pantalones de mezclilla:271:2617729.92USD | 2:2204.21.00:Vino tinto en botellas:492:4151574.72USD | 3:8517.12.00:Teléfonos inteligentes:424:5732819.2USD,12502123.84,579872.15,113746.35,13195742.34,6.0,791744.54,2657622.51,3449367.05,USD,AMARILLO,ACEPTADO,2022-05-04
IMP-CL-2022-0000072,2022-09-12,CL,IQUIQUE,Vina Concha y Toro S.A.,31969360-9,IT,MARITIMO,ONE,CMA CGM MARCO POLO,ONE946183182,ROTTERDAM,2022-08-21,2022-09-09,22,MAN-2022-75178,COSU3868827,HC 40',1,18881.6,51.89,1075,2,1:3004.90.00:Medicamentos para uso humano:136:882427.84USD | 2:8517.12.00:Teléfonos inteligentes:214:2101349.46USD,2983777.3,201961.57,29363.02,3215101.89,15.0,482265.28,702499.76,1184765.04,USD,VERDE,ACEPTADO,2022-09-17
IMP-VN-2023-0000073,2023-04-24,VN,HO CHI MINH,FPT Corporation,VN9978311330,IN,MARITIMO,ONE,YANG MING WIND,ONE156875900,BUSAN,2023-03-26,2023-04-22,29,MAN-2023-81760,TCKU8666414|YMLU7350749|EISU4555913,HC 40',3,14749.4,52.59,642,2,1:7208.51.00:Productos planos de hierro:117:295664.85USD | 2:3002.20.00:Vacunas para medicina humana:29:314904.62USD,610569.47,22490.09,8960.96,642020.52,6.0,38521.23,68054.18,106575.41,USD,VERDE,EN REVISIÓN,2023-04-26
IMP-CL-2022-0000074,2022-12-19,CL,VALPARAISO,Vina Concha y Toro S.A.,52818389-9,FR,MARITIMO,ONE,MSC ISTANBUL,ONE293490937,HAMBURG,2022-11-23,2022-12-17,26,MAN-2022-14495,YMLU5445276|MSKU5356891|COSU4714066,REEFER 40',3,5880.6,60.87,28,5,1:2204.21.00:Vino tinto en botellas:395:1529392.6USD | 2:6203.42.00:Pantalones de mezclilla:159:1239834.3USD | 3:8544.42.00:Conductores eléctricos:361:4890019.36USD | 4:0901.11.00:Café sin tostar:177:1544965.74USD | 5:8429.51.00:Cargadores frontales:190:1392025.5USD,10596237.5,435856.87,86117.35,11118211.72,10.0,1111821.17,2323706.25,3435527.42,USD,VERDE,ACEPTADO,
IMP-CL-2022-0000075,2022-10-10,CL,ARICA,Vina Concha y Toro S.A.,60027617-4,MY,MARITIMO,HMM,HMM ALGECIRAS,HMM226071265,HONG KONG,2022-09-11,2022-10-09,29,MAN-2022-11716,EISU8562153,DRY 20',1,11126.0,21.97,1095,3,1:8544.42.00:Conductores eléctricos:70:714239.4USD | 2:6109.10.00:Camisetas de algodón:86:942535.06USD | 3:8474.20.00:Maquinaria trituradora:269:3790462.86USD,5447237.32,294200.84,64674.55,5806112.71,0.0,0.0,1103161.41,1103161.41,USD,VERDE,LIQUIDADO,2022-10-11
IMP-ES-2023-0000076,2023-06-21,ES,BILBAO,Iberdrola S.A.,ES49211146J,NL,MARITIMO,HMM,EVER GIVEN,HMM983439957,NINGBO,2023-06-03,2023-06-20,18,MAN-2023-97560,MSCU9039884|YMLU3013300,DRY 20',2,5223.1,38.57,689,1,1:8703.23.00:Automóviles de turismo:187:655369.55USD,655369.55,43977.9,9228.27,708575.72,10.0,70857.57,163680.99,234538.56,EUR,VERDE,LIQUIDADO,2023-06-24
IMP-VN-2024-0000077,2024-11-30,VN,HO CHI MINH,Vinamilk,VN8562450825,IN,MARITIMO,Maersk Line,HMM ALGECIRAS,MAER975117542,ROTTERDAM,2024-11-10,2024-11-27,20,MAN-2024-51896,TCKU4765821|COSU5613476,DRY 40',2,25199.0,18.52,587,2,1:6109.10.00:Camisetas de algodón:272:4062015.36USD | 2:8544.42.00:Conductores eléctricos:491:667278.82USD,4729294.18,191266.26,60024.95,4980585.39,15.0,747087.81,572767.32,1319855.13,USD,AMARILLO,ACEPTADO,2024-12-03
IMP-CL-2023-0000078,2023-05-17,CL,SAN VICENTE,Comercial Atacama S.A.,34607643-9,BR,MARITIMO,Maersk Line,PIL SINGAPORE,MAER745770242,SHENZHEN,2023-04-14,2023-05-14,33,MAN-2023-71012,COSU3515252|COSU9955400|TCKU6458403|OOLU3773168,REEFER 40',4,13807.6,57.38,365,4,1:6203.42.00:Pantalones de mezclilla:452:4034909.08USD | 2:8703.23.00:Automóviles de turismo:52:696622.16USD | 3:4011.10.00:Neumáticos para automóviles:433:5862967.22USD | 4:8429.51.00:Cargadores frontales:327:2787367.62USD,13381866.08,907740.64,199380.4,14488987.12,10.0,1448898.71,3028198.31,4477097.02,USD,ROJO,ACEPTADO,2023-05-21
IMP-CL-2022-0000079,2022-11-12,CL,ARICA,Codelco Chile,91183250-9,JP,MARITIMO,Hapag-Lloyd,CMA CGM MARCO POLO,HAPA407782813,HONG KONG,2022-10-21,2022-11-09,22,MAN-2022-43656,MSCU1438146|MSKU7902837|EISU1435831|EISU4675092,HC 40',4,11257.3,52.14,403,5,1:8474.20.00:Maquinaria trituradora:113:1487910.55USD | 2:6203.42.00:Pantalones de mezclilla:314:3688457.52USD | 3:8703.23.00:Automóviles de turismo:322:2495113.6USD | 4:7208.51.00:Productos planos de hierro:132:1109496.96USD | 5:3004.90.00:Medicamentos para uso humano:179:2163895.2USD,10944873.83,496264.47,154465.57,11595603.87,6.0,695736.23,2335354.62,3031090.85,USD,VERDE,ACEPTADO,
IMP-ES-2022-0000080,2022-07-30,ES,VIGO,Navantia S.A.,ES57172614C,FR,MARITIMO,MSC,EVER GIVEN,MSC435496348,ANTWERP,2022-07-03,2022-07-28,27,MAN-2022-84622,MSCU9469140,DRY 40',1,9912.5,31.18,980,1,1:8429.51.00:Cargadores frontales:114:324589.92USD,324589.92,25941.77,3160.54,353692.23,0.0,0.0,74275.37,74275.37,EUR,AMARILLO,ACEPTADO,2022-08-01
IMP-ES-2022-0000081,2022-09-17,ES,VALENCIA,Telefonica S.A.,ES12516310C,SG,MARITIMO,HMM,PIL SINGAPORE,HMM807570593,HAMBURG,2022-08-28,2022-09-15,20,MAN-2022-50788,MSCU8450798|TCKU6184022|YMLU7735457|MSKU1135989,REEFER 20',4,24379.4,66.94,812,5,1:6203.42.00:Pantalones de mezclilla:116:1504805.36USD | 2:1006.30.00:Arroz semiblanqueado:242:1017397.04USD | 3:4011.10.00:Neumáticos para automóviles:241:2615934.5USD | 4:6109.10.00:Camisetas de algodón:471:2788141.02USD | 5:7208.51.00:Productos planos de hierro:427:4346898.43USD,12273176.35,460577.86,66320.77,12800074.98,6.0,768004.5,2849296.69,3617301.19,EUR,AMARILLO,LIQUIDADO,2022-09-19
IMP-CL-2023-0000082,2023-09-07,CL,SAN VICENTE,Falabella Retail S.A.,56596999-5,SG,MARITIMO,COSCO Shipping,CMA CGM MARCO POLO,COSC207291043,HONG KONG,2023-07-29,2023-09-06,40,MAN-2023-45477,COSU5034104|MSKU1124787|EISU5434453|MSCU3003238,DRY 40',4,4760.1,6.16,893,1,1:3004.90.00:Medicamentos para uso humano:420:4793460.0USD,4793460.0,282590.55,71842.83,5147893.38,18.0,926620.81,1154157.7,2080778.51,USD,VERDE,EN REVISIÓN,2023-09-10
IMP-VN-2024-0000083,2024-03-19,VN,HANOI,Vietnam Airlines,VN5013775669,MX,MARITIMO,COSCO Shipping,YANG MING WIND,COSC404847347,BUSAN,2024-02-23,2024-03-17,25,MAN-2024-33067,TCKU4442594|COSU3321736|EISU9891917,DRY 20',3,26594.8,40.81,618,4,1:8474.20.00:Maquinaria trituradora:65:145347.15USD | 2:8544.42.00:Conductores eléctricos:481:5242390.14USD | 3:8471.30.00:Computadores portátiles:116:1519472.4USD | 4:7208.51.00:Productos planos de hierro:43:107411.42USD,7014621.11,524767.47,35679.55,7575068.13,6.0,454504.09,802957.22,1257461.31,USD,VERDE,EN REVISIÓN,2024-03-21
IMP-ES-2023-0000084,2023-11-17,ES,BILBAO,Repsol S.A.,ES74045453Q,JP,MARITIMO,Yang Ming,PIL SINGAPORE,YANG980104901,ANTWERP,2023-10-09,2023-11-15,39,MAN-2023-38014,MSKU5647410|YMLU2931679,HC 40',2,5519.3,37.74,469,4,1:8544.42.00:Conductores eléctricos:244:2603619.08USD | 2:8474.20.00:Maquinaria trituradora:119:1249842.72USD | 3:2204.21.00:Vino tinto en botellas:220:2992970.2USD | 4:3002.20.00:Vacunas para medicina humana:105:441193.2USD,7287625.2,276736.6,90325.61,7654687.41,18.0,1377843.73,1896831.54,3274675.27,EUR,VERDE,LIQUIDADO,2023-11-21
IMP-ES-2023-0000085,2023-06-05,ES,VIGO,Inditex S.A.,ES14320427F,SG,MARITIMO,Yang Ming,YANG MING WIND,YANG748875859,BUSAN,2023-04-28,2023-06-02,38,MAN-2023-65109,YMLU7965226,DRY 40',1,6011.0,67.41,129,3,1:6203.42.00:Pantalones de mezclilla:309:631852.47USD | 2:8703.23.00:Automóviles de turismo:459:3596517.45USD | 3:6109.10.00:Camisetas de algodón:472:5133665.52USD,9362035.44,420310.21,127991.79,9910337.44,0.0,0.0,2081170.86,2081170.86,EUR,AMARILLO,ACEPTADO,2023-06-06
IMP-VN-2022-0000086,2022-04-09,VN,HAI PHONG,Petrovietnam,VN9178154239,IT,MARITIMO,ONE,YANG MING WIND,ONE425065806,ANTWERP,2022-02-26,2022-04-06,42,MAN-2022-68417,EISU6475857,HC 40',1,13981.2,36.48,663,2,1:4011.10.00:Neumáticos para automóviles:164:831939.2USD | 2:8703.23.00:Automóviles de turismo:227:1252801.65USD,2084740.85,153600.79,12006.28,2250347.92,10.0,225034.79,247538.27,472573.06,USD,AMARILLO,LIQUIDADO,2022-04-11
IMP-ES-2024-0000087,2024-08-05,ES,VALENCIA,Acerinox S.A.,ES28730548H,IN,MARITIMO,COSCO Shipping,PIL SINGAPORE,COSC178086603,SHENZHEN,2024-07-06,2024-08-03,30,MAN-2024-59840,YMLU2548659,DRY 20',1,10312.2,44.22,1100,2,1:8429.51.00:Cargadores frontales:483:4448362.38USD | 2:7208.51.00:Productos planos de hierro:426:1803364.5USD,6251726.88,274805.9,31616.03,6558148.81,6.0,393488.93,1459843.93,1853332.86,EUR,VERDE,EN REVISIÓN,
IMP-VN-2024-0000088,2024-03-04,VN,HANOI,Masan Group,VN3849328812,DE,MARITIMO,Hapag-Lloyd,HAPAG BERLIN,HAPA389627744,LOS ANGELES,2024-02-04,2024-03-03,29,MAN-2024-12165,TCKU9306355|COSU4668487|EISU4056783|YMLU6080232,HC 40',4,7882.9,27.53,521,2,1:8471.30.00:Computadores portátiles:98:381063.2USD | 2:8703.23.00:Automóviles de turismo:224:1635724.16USD,2016787.36,116874.84,11432.8,2145095.0,18.0,386117.1,253121.21,639238.31,USD,VERDE,LIQUIDADO,2024-03-06
IMP-ES-2023-0000089,2023-10-12,ES,VALENCIA,Telefonica S.A.,ES83024777H,AR,MARITIMO,COSCO Shipping,CMA CGM MARCO POLO,COSC468610199,BUSAN,2023-09-20,2023-10-09,22,MAN-2023-69804,HLXU7937130|TCKU6551224,REEFER 20',2,15491.5,11.47,577,1,1:6109.10.00:Camisetas de algodón:181:2412512.8USD,2412512.8,138149.52,19184.62,2569846.94,6.0,154190.82,572047.93,726238.75,EUR,VERDE,ACEPTADO,2023-10-15
IMP-CL-2022-0000090,2022-08-07,CL,SAN ANTONIO,Codelco Chile,87089782-0,DE,MARITIMO,PIL,CMA CGM MARCO POLO,PIL790710084,ANTWERP,2022-06-24,2022-08-05,44,MAN-2022-83596,MSCU5604186|HLXU5745299,REEFER 20',2,8045.6,51.45,93,5,1:3002.20.00:Vacunas para medicina humana:46:480953.92USD | 2:3004.90.00:Medicamentos para uso humano:406:1577943.36USD | 3:8517.12.00:Teléfonos inteligentes:109:803141.43USD | 4:6203.42.00:Pantalones de mezclilla:92:511422.48USD | 5:8429.51.00:Cargadores frontales:461:3493481.05USD,6866942.24,399433.43,102968.06,7369343.73,10.0,736934.37,1540192.84,2277127.21,USD,VERDE,ACEPTADO,2022-08-08
IMP-CL-2024-0000091,2024-07-18,CL,IQUIQUE,Minera Collahuasi S.A.,77170808-5,FR,MARITIMO,Hapag-Lloyd,HAPAG BERLIN,HAPA425192574,BARCELONA,2024-06-27,2024-07-16,21,MAN-2024-33267,TCKU3375484|TCKU2231494|HLXU2968021,DRY 20',3,3529.6,56.1,876,2,1:8474.20.00:Maquinaria trituradora:52:259706.2USD | 2:8429.51.00:Cargadores frontales:296:2209406.16USD,2469112.36,119847.7,15757.46,2604717.52,15.0,390707.63,569130.78,959838.41,USD,VERDE,ACEPTADO,2024-07-21
IMP-CL-2024-0000092,2024-01-09,CL,VALPARAISO,Minera Collahuasi S.A.,72879264-5,NL,MARITIMO,Maersk Line,EVER GIVEN,MAER169966908,TOKYO,2023-12-12,2024-01-07,28,MAN-2024-31585,HLXU3158637|YMLU9303304,REEFER 40',2,24276.9,61.0,1059,1,1:8429.51.00:Cargadores frontales:83:899926.67USD,899926.67,55171.87,6833.49,961932.03,0.0,0.0,182767.09,182767.09,USD,VERDE,ACEPTADO,2024-01-13
IMP-CL-2024-0000093,2024-01-21,CL,SAN ANTONIO,Falabella Retail S.A.,43787922-1,GB,MARITIMO,CMA CGM,YANG MING WIND,CMA486876677,HAMBURG,2023-12-24,2024-01-18,28,MAN-2024-39680,MSCU5772142,REEFER 40',1,9758.3,51.31,351,3,1:3002.20.00:Vacunas para medicina humana:430:5175793.9USD | 2:6203.42.00:Pantalones de mezclilla:2:12475.46USD | 3:6109.10.00:Camisetas de algodón:403:3347088.29USD,8535357.65,423870.64,82044.37,9041272.66,15.0,1356190.9,1975518.08,3331708.98,USD,VERDE,ACEPTADO,2024-01-23
IMP-CL-2024-0000094,2024-03-29,CL,SAN ANTONIO,Comercial Atacama S.A.,64695389-7,DE,MARITIMO,PIL,EVER GIVEN,PIL446169580,HONG KONG,2024-02-26,2024-03-26,32,MAN-2024-96667,YMLU2897325|COSU8471064|MSCU6370867,REEFER 40',3,22779.5,64.28,312,5,1:0901.11.00:Café sin tostar:500:7050930.0USD | 2:3002.20.00:Vacunas para medicina humana:87:174757.77USD | 3:3004.90.00:Medicamentos para uso humano:141:632128.38USD | 4:8474.20.00:Maquinaria trituradora:292:833140.24USD | 5:2204.21.00:Vino tinto en botellas:28:86273.88USD,8777230.27,557631.32,90222.52,9425084.11,15.0,1413762.62,2059380.88,3473143.5,USD,ROJO,ACEPTADO,2024-04-01
IMP-CL-2023-0000095,2023-07-16,CL,VALPARAISO,Cencosud S.A.,80868148-6,DE,MARITIMO,PIL,ONE STORK,PIL919347174,SINGAPORE,2023-06-09,2023-07-14,37,MAN-2023-10746,EISU7248232|TCKU3535062,HC 40',2,16412.2,28.19,563,2,1:8517.12.00:Teléfonos inteligentes:198:352323.18USD | 2:8474.20.00:Maquinaria trituradora:262:650441.2USD,1002764.38,77148.52,12533.54,1092446.44,10.0,109244.64,228321.31,337565.95,USD,VERDE,ACEPTADO,2023-07-19
IMP-CL-2022-0000096,2022-08-16,CL,IQUIQUE,Enap Refinerias S.A.,43988039-9,CN,MARITIMO,Evergreen Marine,ONE STORK,EVER899135836,SINGAPORE,2022-07-16,2022-08-13,31,MAN-2022-26825,EISU4321826|MSCU8817310|YMLU8553608,REEFER 20',3,17258.7,21.57,416,3,1:8471.30.00:Computadores portátiles:189:1564989.93USD | 2:4011.10.00:Neumáticos para automóviles:482:765517.22USD | 3:6203.42.00:Pantalones de mezclilla:471:6734447.49USD,9064954.64,365875.56,73826.99,9504657.19,15.0,1425698.58,2076767.6,3502466.18,USD,VERDE,EN REVISIÓN,2022-08-18
IMP-ES-2022-0000097,2022-08-26,ES,BILBAO,Telefonica S.A.,ES60143274L,MY,MARITIMO,Maersk Line,MAERSK EDINBURGH,MAER149138655,BARCELONA,2022-07-25,2022-08-24,32,MAN-2022-78819,EISU1035818|TCKU1381220,HC 40',2,19616.5,10.5,534,5,1:0901.11.00:Café sin tostar:150:476871.0USD | 2:3002.20.00:Vacunas para medicina humana:182:1424186.4USD | 3:2204.21.00:Vino tinto en botellas:451:3128406.6USD | 4:8517.12.00:Teléfonos inteligentes:115:1562013.95USD | 5:8474.20.00:Maquinaria trituradora:479:3383018.93USD,9974496.88,377785.51,74958.08,10427240.47,15.0,1564086.07,2518178.57,4082264.64,EUR,VERDE,ACEPTADO,2022-08-31
IMP-CL-2022-0000098,2022-11-30,CL,SAN ANTONIO,Comercial Atacama S.A.,33724209-K,JP,MARITIMO,PIL,HMM ALGECIRAS,PIL501008227,ROTTERDAM,2022-11-10,2022-11-29,20,MAN-2022-91216,MSKU4443876|EISU8556957|YMLU1910228|YMLU4429337,DRY 40',4,21119.3,42.18,649,1,1:6203.42.00:Pantalones de mezclilla:81:532597.68USD,532597.68,23412.94,4369.39,560380.01,6.0,33622.8,112860.53,146483.33,USD,AMARILLO,ACEPTADO,2022-12-02
IMP-CL-2023-0000099,2023-07-17,CL,ARICA,Enap Refinerias S.A.,8078580-2,NL,MARITIMO,HMM,ONE STORK,HMM255807804,NINGBO,2023-06-27,2023-07-16,20,MAN-2023-27051,MSKU8259968,DRY 40',1,8224.5,45.09,754,5,1:0901.11.00:Café sin tostar:116:362394.44USD | 2:8544.42.00:Conductores eléctricos:381:3703834.35USD | 3:8474.20.00:Maquinaria trituradora:366:5146750.56USD | 4:3002.20.00:Vacunas para medicina humana:59:93948.65USD | 5:8703.23.00:Automóviles de turismo:401:556295.27USD,9863223.27,720967.33,146961.71,10731152.31,6.0,643869.14,2161254.08,2805123.22,USD,ROJO,LIQUIDADO,2023-07-22
IMP-CL-2024-0000100,2024-01-20,CL,VALPARAISO,Falabella Retail S.A.,60280559-3,IN,MARITIMO,HMM,EVER GIVEN,HMM926397150,ROTTERDAM,2023-12-26,2024-01-18,25,MAN-2024-33333,MSKU8575795,DRY 20',1,1186.0,66.23,14,2,1:6203.42.00:Pantalones de mezclilla:27:66144.06USD | 2:8517.12.00:Teléfonos inteligentes:220:607290.2USD,673434.26,36554.29,7594.13,717582.68,18.0,129164.88,160882.04,290046.92,USD,AMARILLO,EN REVISIÓN,
